Name,Accumulated cases,Accumulated deaths
Belo Horizonte,293884,7026
Fortaleza,259446,9906
Salvador,238813,8090
Manaus,205735,9502
Recife,161411,5648
Aracaju,128173,2433
João Pessoa,110689,2980
Teresina,110213,2601
Belém,107175,5153
Natal,104521,2739
Boa Vista,98815,1557
Maceió,93080,2793
Porto Velho,88857,2535
Macapá,61750,1500
Feira de Santana,59826,1074
Parauapebas,55278,491
Palmas,54774,681
Contagem,49351,1934
Juiz de Fora,48465,2079
Campina Grande,47830,1174
São Luís,47408,2604
Rio Branco,38351,1094
Araguaína,37979,550
Jaboatão dos Guararapes,36527,1746
Vitória da Conquista,36436,635
Caruaru,36057,721
Itabuna,35061,715
Governador Valadares,33807,1313
Ipatinga,33476,929
Parnamirim,33001,543
Petrolina,32808,526
Betim,32644,1376
Arapiraca,31218,538
Juazeiro do Norte,31125,655
Mossoró,31115,589
Sobral,27732,743
Ananindeua,26637,832
Olinda,26255,1027
Santana,26089,201
Camaçari,25527,634
Ariquemes,25251,524
Lauro de Freitas,24064,533
Itabira,23570,384
Santarém,23081,984
Caucaia,22758,986
Ilhéus,22332,579
Divinópolis,21853,658
Maracanaú,21787,781
Ji-Paraná,21093,615
Barreiras,20313,333
Imperatriz,20066,871
Araguari,20051,473
Marabá,20033,462
Teixeira de Freitas,20027,319
Juazeiro,19034,422
Jequié,18176,397
Nossa Senhora do Socorro,18124,580
Crato,17903,231
Ituiutaba,17225,463
Parnaíba,16715,452
Cacoal,16224,316
Altamira,16219,334
Conselheiro Lafaiete,16054,287
Vilhena,15713,280
Araxá,15560,245
Redenção,15453,251
Gurupi,15364,280
Coronel Fabriciano,14740,355
Garanhuns,14668,309
Patos,14635,271
Alagoinhas,14617,325
Balsas,14586,215
Itabirito,14105,163
Luís Eduardo Magalhães,13471,152
Crateús,13362,234
Santo Antônio de Jesus,13358,170
Porto Seguro,13302,251
Caicó,13295,166
Eunápolis,13246,234
Itabaiana,13242,257
Caxias,13100,332
Iguatu,12214,233
Serra Talhada,12117,189
Barcarena,12065,242
Itaúna,12003,281
Cajazeiras,11880,176
Paulista,11825,850
Itaituba,11814,332
Maranguape,11811,270
Formiga,11524,269
Alfenas,11304,213
Guanambi,11292,134
Piripiri,11172,204
Paragominas,11002,241
Russas,10914,199
Itacoatiara,10875,316
Mariana,10870,105
João Monlevade,10815,253
Itapipoca,10808,284
Irecê,10480,151
Porto Nacional,10431,212
Itajubá,10291,423
Guarabira,10215,149
Caratinga,10177,282
Parintins,10132,357
Quixadá,10120,207
Cabo de Santo Agostinho,10093,532
Cametá,10036,280
Cabedelo,10021,205
Castanhal,9988,489
Santa Rita,9961,338
Eusébio,9934,135
Tefé,9927,198
São Cristóvão,9922,243
Quixeramobim,9911,229
Abaetetuba,9853,226
Ibirité,9837,409
Tianguá,9799,204
Brumado,9773,199
Barbacena,9759,311
Manacapuru,9646,406
Coari,9631,235
Lavras,9621,173
Simões Filho,9521,238
Frutal,9395,286
Picos,9368,168
Morada Nova,9332,168
Santa Cruz do Capibaribe,9324,164
Santa Inês,9309,217
Canaã dos Carajás,9306,126
Floriano,9151,170
Bayeux,9125,255
Tauá,9033,187
Iranduba,9010,168
Paulo Afonso,8964,238
São Gonçalo do Amarante,8867,236
Extrema,8781,132
Açu,8604,154
Congonhas,8572,109
Paraíso do Tocantins,8560,188
Oriximiná,8499,171
São Gabriel da Cachoeira,8481,110
Brejo Santo,8471,155
Cataguases,8455,268
Conceição do Coité,8450,46
Jaru,8403,187
Laranjal do Jari,8401,95
Lagoa da Prata,8401,163
Candeias,8376,195
Tucuruí,8279,271
Salgueiro,8266,119
Humaitá,8156,151
Aracati,8081,166
Camaragibe,8079,450
Araripina,8077,168
Colinas do Tocantins,8051,158
Valença,8042,144
Itamaraju,8020,159
Cruzeiro do Sul,7914,168
Lagarto,7854,222
São Gonçalo do Amarante,7835,210
Serrinha,7818,102
Horizonte,7788,135
Estância,7720,176
Manhuaçu,7661,228
Itaberaba,7652,151
Sousa,7613,151
Goiana,7578,164
Limoeiro do Norte,7577,151
Campo Belo,7566,224
Icó,7557,128
Rolim de Moura,7477,176
Tailândia,7472,120
Vitória de Santo Antão,7433,332
Machadinho D'Oeste,7371,117
Arcoverde,7300,136
Jacobina,7279,110
Pimenta Bueno,7174,122
Barbalha,7173,177
Aquiraz,7128,95
Barra dos Coqueiros,7069,100
Lábrea,7047,80
Óbidos,7022,140
Mateus Leme,6904,95
Carauari,6726,57
Marechal Deodoro,6708,119
Cascavel,6707,159
Catu,6685,101
Apodi,6677,97
Guaxupé,6646,159
Tarauacá,6592,47
Iturama,6440,239
Oiapoque,6418,51
Arcos,6356,140
José de Freitas,6333,86
Camocim,6317,163
Presidente Figueiredo,6290,111
Itapetinga,6282,153
Pacatuba,6275,247
Seabra,6266,92
Campo Maior,6254,155
Leopoldina,6253,167
Bom Jesus da Lapa,6239,98
Chapadinha,6227,128
Lagoa Santa,6208,133
Macaíba,6185,173
Jaguaquara,6172,64
Bom Despacho,6157,113
Timon,6142,334
Pombal,6055,84
Santa Luzia,5983,117
São Bento,5979,71
Pacajus,5971,125
Açailândia,5959,249
Dias d'Ávila,5929,162
Sena Madureira,5886,83
Grajaú,5870,137
Ourilândia do Norte,5868,58
Redenção,5838,104
Barra do Corda,5832,75
Buritis,5810,85
Santa Quitéria,5797,72
Monte Alegre,5777,187
Beberibe,5758,131
Janaúba,5716,143
Canindé,5710,211
Esperança,5707,90
Barras,5685,95
Bacabal,5656,204
Gravatá,5590,150
Cruz das Almas,5525,69
Ipixuna,5504,19
Guajará-Mirim,5488,225
João Pinheiro,5473,113
Ribeira do Pombal,5467,72
Tabuleiro do Norte,5415,72
Palmeira dos Índios,5389,158
Campo Formoso,5386,76
São Lourenço da Mata,5379,266
Ipu,5377,81
Acaraú,5370,115
Zé Doca,5366,72
Curvelo,5354,273
São Paulo de Olivença,5353,66
Santa Cruz,5321,77
Senhor do Bonfim,5281,88
Afogados da Ingazeira,5276,75
Viçosa do Ceará,5248,159
Diamantina,5188,98
Oeiras,5187,83
Paracuru,5134,114
Mamanguape,5100,84
Pau dos Ferros,5098,40
Tucumã,5087,84
Ouro Preto do Oeste,5071,153
Boa Esperança,5064,145
Altos,5047,99
Catolé do Rocha,5017,62
Barão de Cocais,5011,77
Pesqueira,4994,119
Maués,4992,130
São José de Mipibu,4962,75
Santana do Ipanema,4952,103
Xinguara,4920,82
Rio Preto da Eva,4909,85
Pedreiras,4897,88
Conceição do Araguaia,4886,50
Conceição das Alagoas,4860,141
Bezerros,4855,128
Queimadas,4822,92
Riachão do Jacuípe,4817,49
Monteiro,4807,70
Mauriti,4774,117
Tobias Barreto,4752,98
Manicoré,4726,103
Surubim,4723,93
Machado,4717,98
Nova Russas,4713,69
Belo Jardim,4655,131
Itaitinga,4630,75
Santo Estêvão,4621,65
Jaguaribe,4594,80
Careiro,4583,87
Exu,4578,60
Almenara,4562,53
Bragança,4537,177
Carpina,4521,154
Mata de São João,4506,70
Barcelos,4498,60
Solânea,4485,51
Juruti,4484,174
Alta Floresta D'Oeste,4478,68
Várzea Alegre,4452,83
São Miguel do Guamá,4442,65
Pedro II,4428,109
Extremoz,4408,71
Carangola,4378,127
Igarassu,4370,240
Penedo,4366,84
Boa Viagem,4315,118
Mombaça,4314,120
São Félix do Xingu,4313,41
Aracoiaba,4302,35
São Benedito,4302,69
Brumadinho,4285,91
Cláudio,4283,67
Coruripe,4276,59
Benevides,4250,107
Cambuí,4248,62
Alagoa Grande,4245,72
Baturité,4230,88
Breves,4228,121
Pojuca,4226,52
Eirunepé,4218,34
Palmares,4211,126
Capanema,4193,129
Delmiro Gouveia,4177,135
Andradas,4166,125
Ceará-Mirim,4147,119
Rurópolis,4142,73
Acopiara,4112,152
Mucuri,4107,70
Candeias do Jamari,4091,81
Orós,4090,91
Bom Jesus das Selvas,4084,40
Caetité,4080,43
Uruçuí,4078,64
São José de Ribamar,4071,365
Poções,4069,83
Currais Novos,4018,87
Pilar,4006,60
Espigão D'Oeste,4004,80
Pentecoste,3981,88
Capim Grosso,3981,37
Quixeré,3959,46
Buriticupu,3954,75
Cedro,3942,41
Vitória do Jari,3937,28
Matozinhos,3929,111
Medicilândia,3926,60
Ipueiras,3891,67
Sapé,3887,116
Nova Mamoré,3877,82
São Miguel dos Campos,3875,99
Jutaí,3872,36
Alenquer,3870,146
Araci,3854,55
Presidente Médici,3853,88
São Raimundo Nonato,3842,63
Jaguaruana,3829,71
Bom Jesus,3824,49
Almeirim,3813,52
Além Paraíba,3805,163
São Francisco do Conde,3803,69
São Domingos do Maranhão,3800,21
Timbaúba,3775,117
Cruz,3767,59
Januária,3759,84
Ipojuca,3742,172
Maracás,3737,72
Abreu e Lima,3697,250
Rio Largo,3691,185
Propriá,3681,80
Igarapé-Miri,3671,96
Euclides da Cunha,3644,62
Tucano,3643,64
Reriutaba,3616,32
São Sebastião do Passé,3615,94
Codó,3611,221
Camanducaia,3554,73
Bela Cruz,3541,73
Conceição do Jacuípe,3532,39
Mocajuba,3529,63
Itarema,3520,49
Estreito,3519,74
Guanhães,3504,50
Pedra Branca do Amapari,3503,13
Demerval Lobão,3500,34
Colinas,3475,53
Correntina,3452,49
São Desidério,3450,50
Limoeiro,3448,120
Guaraí,3443,80
Formoso do Araguaia,3441,67
Coroatá,3438,97
Rorainópolis,3432,69
Santaluz,3432,53
São Felipe,3431,31
Itapecuru Mirim,3426,86
Itororó,3424,34
Santana do Araguaia,3414,39
Santa Maria da Vitória,3401,64
Carmo do Paranaíba,3386,121
Mantena,3379,78
Tabatinga,3372,126
Simão Dias,3372,88
Ipiaú,3372,84
Granja,3357,89
Livramento de Nossa Senhora,3341,69
Ouricuri,3340,101
Jucurutu,3339,53
Feijó,3338,63
Igarapé,3332,103
Pinheiro,3310,111
Santo Amaro,3273,89
Itabaiana,3260,84
Conceição do Mato Dentro,3258,38
Amargosa,3239,57
Milagres,3224,64
Santa Cruz Cabrália,3220,36
Itapajé,3211,141
Mazagão,3189,24
Buritis,3187,55
Elói Mendes,3176,62
Sertânia,3163,52
Itaporanga d'Ajuda,3161,71
Areia Branca,3147,102
Ingá,3132,44
Rio Real,3130,47
Caraúbas,3126,43
Capelinha,3125,37
Conde,3120,46
Autazes,3119,96
Lavras da Mangabeira,3115,55
Nova Viçosa,3107,53
Afuá,3098,16
Itapiranga,3097,43
Frecheirinha,3097,26
Xique-Xique,3094,84
Jaíba,3093,69
Camacan,3083,88
Tomé-Açu,3078,91
Uauá,3068,57
Gandu,3063,58
Itaporanga,3058,30
Tabira,3046,51
Marituba,3038,141
Xapuri,3032,31
João Câmara,3029,50
Brasil Novo,3028,43
São Bento do Una,3022,83
Brasiléia,3008,44
Goianinha,3008,44
Itabaianinha,3007,71
Jardim de Piranhas,2995,42
Tamboril,2993,77
Mâncio Lima,2992,32
Espera Feliz,2988,44
Lagoa Seca,2987,50
Lago da Pedra,2984,86
Amontada,2978,58
Piracuruca,2974,102
Casa Nova,2970,72
Bocaiúva,2968,70
São Domingos do Araguaia,2966,56
Juatuba,2966,79
Paudalho,2963,111
Paraipaba,2957,77
Portel,2951,91
Esperantina,2926,87
Vigia,2918,87
Jijoca de Jericoacoara,2910,31
Alvarães,2908,46
Medeiros Neto,2902,59
Madre de Deus,2901,47
Capela,2882,45
Benjamin Constant,2881,88
Barra da Estiva,2867,33
Ipanema,2866,70
Valente,2860,28
Atalaia do Norte,2855,10
Parelhas,2854,30
Icapuí,2851,33
Acarape,2831,31
Esmeraldas,2824,154
Hidrolândia,2823,27
Sumé,2823,43
Campo Alegre,2820,76
Belo Oriente,2819,74
Guaraciaba do Norte,2816,77
Concórdia do Pará,2805,34
Ponta de Pedras,2801,34
Nossa Senhora da Glória,2791,79
Itajuípe,2788,55
Caculé,2786,21
Santa Isabel do Rio Negro,2774,54
Uruará,2774,80
Farias Brito,2773,60
Pauini,2767,22
São João dos Patos,2767,30
Rio Tinto,2767,56
Remanso,2762,80
Novo Progresso,2760,70
São José do Egito,2758,57
Araguatins,2756,74
Nazaré,2751,53
Campos Sales,2750,46
Luzilândia,2747,61
Urucurituba,2738,36
Pedras de Fogo,2733,56
Santa Rita de Cássia,2728,39
Rio Maria,2726,38
Caracaraí,2722,59
Envira,2717,13
Varjota,2716,32
União dos Palmares,2715,86
Ruy Barbosa,2714,33
Quixelô,2709,33
Lajinha,2703,47
Miguel Calmon,2702,33
Boquim,2693,68
São Miguel do Guaporé,2690,53
Ibiá,2690,57
Conceição do Almeida,2683,28
Boca do Acre,2678,27
São José do Belmonte,2673,59
Miranorte,2671,59
Baixa Grande do Ribeiro,2669,35
Alto do Rodrigues,2666,40
Barreirinhas,2664,46
Igarapé-Açu,2663,75
Cerejeiras,2659,64
Jacareacanga,2658,35
Morro do Chapéu,2656,29
Ipixuna do Pará,2655,47
Ulianópolis,2655,28
Macau,2648,46
Codajás,2647,25
Nova Olinda do Norte,2642,69
Tocantinópolis,2638,57
Itanhandu,2637,57
Ipirá,2635,68
Jacutinga,2632,51
São Francisco do Guaporé,2627,48
Buíque,2627,48
Coreaú,2620,70
São João do Piauí,2612,36
Carnaíba,2612,38
São Miguel,2608,45
Inhambupe,2606,43
São Raimundo das Mangabeiras,2600,33
Cariré,2596,49
Massapê,2594,88
Lagoa do Mato,2592,18
Barreirinha,2585,64
Brejo da Madre de Deus,2585,57
Maraã,2573,23
Cantá,2571,42
Cabrobó,2569,29
Santa Luzia,2557,28
Bonfim,2554,35
Nísia Floresta,2554,43
Mari,2546,47
Urucará,2545,54
Lajedo,2544,75
Itapagipe,2543,61
Canindé de São Francisco,2542,48
Iracema,2531,35
Alhandra,2531,40
Cupira,2523,52
Borba,2522,70
São Gonçalo dos Campos,2522,35
Camamu,2520,58
Trairi,2518,99
Cujubim,2506,43
Santana do Acaraú,2503,87
Itapororoca,2502,35
Areia,2498,34
Colorado do Oeste,2489,47
Curionópolis,2487,34
Capinópolis,2486,55
Lagoa da Confusão,2477,27
Fortim,2468,28
Assaré,2461,47
Itaú de Minas,2461,38
Xambioá,2458,36
Belém,2450,45
Campos Gerais,2448,45
Capistrano,2447,37
Amélia Rodrigues,2446,51
Nova Cruz,2444,59
Pacaraima,2434,50
Muritiba,2433,29
Vitória do Xingu,2424,27
Novo Airão,2419,33
Pindoretama,2418,40
Macaúbas,2418,24
Cícero Dantas,2413,47
Aquidabã,2409,40
Vitorino Freire,2406,62
Capitão Poço,2403,84
Amaturá,2401,18
Maragogipe,2401,49
Carlos Chagas,2400,37
Mucajaí,2396,47
Itamonte,2391,46
Missão Velha,2390,57
Monção,2383,44
Ibirataia,2382,42
Carmópolis de Minas,2381,54
Pacajá,2380,51
União,2377,65
Novo Repartimento,2373,110
Boqueirão,2369,45
Prado,2369,58
Cariús,2365,32
Alto Paraíso,2363,55
Banabuiú,2363,22
Gurupá,2360,14
Pereiro,2357,25
Santa Izabel do Pará,2353,96
Conselheiro Pena,2351,54
Itamarandiba,2351,28
Pio XII,2348,31
Barra do Choça,2348,36
Santo Antônio,2344,57
Nova Brasilândia D'Oeste,2340,34
Dom Eliseu,2326,52
Lapão,2326,35
Mutuípe,2324,27
Alto Alegre do Pindaré,2323,53
Senador Pompeu,2323,63
Picuí,2312,44
Bom Conselho,2304,74
Ibicaraí,2303,64
Tuntum,2298,22
Fronteira,2297,66
Beruri,2296,34
Curuçá,2290,83
Itaguara,2288,32
Coromandel,2281,91
São José de Piranhas,2279,45
Barra,2279,66
Jacundá,2273,71
Manhumirim,2272,47
Jaguarari,2271,50
Carandaí,2264,56
Jaicós,2260,41
Piancó,2257,32
Moju,2256,69
Jeremoabo,2256,47
Castro Alves,2254,41
Teotônio Vilela,2253,71
Espinosa,2252,45
Santa Helena,2250,27
Riachão,2249,32
Sobradinho,2248,61
Placas,2243,40
Campanha,2243,52
Carira,2240,48
Pedro Afonso,2236,31
Caaporã,2231,37
Presidente Dutra,2227,16
Independência,2227,58
Itapiúna,2226,38
Araçuaí,2221,54
Carnaubal,2216,28
Miracema do Tocantins,2215,54
São Caitano,2214,77
Caeté,2207,77
Campo do Brito,2206,29
Luz,2206,37
Itatira,2201,41
Bodocó,2197,41
Lagoa Formosa,2196,65
Poço Verde,2195,50
Inhapim,2195,67
Ocara,2194,43
Aimorés,2191,78
São Mateus do Maranhão,2188,52
Poção de Pedras,2180,23
Campestre,2180,47
Vargem Grande,2177,34
Valença do Piauí,2173,72
Lambari,2173,41
Aroeiras,2169,18
Porto Franco,2168,66
Floresta,2166,31
Bambuí,2163,33
Princesa Isabel,2163,53
Guamaré,2161,49
Barroso,2160,59
Esplanada,2156,35
Guaranésia,2156,36
Miguel Alves,2151,33
Ubajara,2144,42
São Paulo do Potengi,2139,51
Alagoinha,2138,25
Piquet Carneiro,2137,31
Nossa Senhora das Dores,2137,50
Umbaúba,2135,41
Ibiapina,2134,33
Dianópolis,2121,41
Vitória do Mearim,2121,38
Porto Grande,2113,27
Areia Branca,2111,49
Uruçuca,2106,74
Cândido Sales,2102,53
Borda da Mata,2093,57
Costa Marques,2081,39
Curuá,2077,24
Águas Belas,2077,47
Araporã,2072,41
Matias Barbosa,2071,62
Cururupu,2068,28
Caxambu,2068,57
Ubatã,2067,50
Lagoa Grande,2066,35
Moreno,2065,117
Trindade,2065,59
Corrente,2059,33
Aurora,2058,41
Monsenhor Tabosa,2056,41
Augusto Corrêa,2055,52
Cedro,2051,18
Monte Negro,2049,34
Caroebe,2047,21
Novo Aripuanã,2046,31
Anamã,2037,10
Irará,2024,29
Santo Antônio do Tauá,2023,59
Jucás,2005,68
Augustinópolis,1996,32
Jaguaretama,1992,44
Boca da Mata,1991,46
Brejo do Cruz,1988,24
Wenceslau Guimarães,1977,31
Uarini,1976,26
Tapauá,1974,24
Chorozinho,1972,41
Tibau do Sul,1970,13
Tartarugalzinho,1966,14
Iaçu,1966,42
Barro,1965,47
Prainha,1959,82
Itaobim,1957,53
Castelo do Piauí,1954,37
Alto Santo,1952,35
Jardim,1948,59
Goianésia do Pará,1945,35
Moraújo,1945,23
Luís Correia,1944,63
Canguaretama,1943,45
Ituaçu,1942,27
São Sebastião,1942,38
Planalto,1940,33
Itupiranga,1939,81
Igarapé Grande,1939,15
Cuité,1936,25
Jequitinhonha,1931,20
Anori,1930,33
Laje,1928,33
Itabela,1928,72
Sapeaçu,1925,24
Itambé,1924,20
Nhamundá,1923,37
Alagoa Nova,1922,34
Girau do Ponciano,1919,49
Coaraci,1918,48
Mucambo,1909,30
Alexandria,1908,32
Alpinópolis,1907,47
Rondon do Pará,1904,80
Laranjeiras,1903,56
Petrolândia,1902,46
Brasilândia de Minas,1898,28
Ipaba,1898,54
Ibicuitinga,1897,22
Ituberá,1897,51
Coração de Maria,1896,22
Botelhos,1896,34
Pombos,1891,45
Anapu,1885,54
Manaquiri,1879,53
São Geraldo do Araguaia,1875,54
Marco,1871,36
Urbano Santos,1870,38
Santo Antônio do Içá,1869,45
Entre Rios,1866,47
Governador Eugênio Barros,1865,11
Miraí,1865,18
Uruburetama,1860,59
Presidente Tancredo Neves,1859,41
Viçosa,1859,39
Itapeva,1855,39
Riacho de Santana,1847,41
Jardim do Seridó,1834,23
Araçagi,1833,26
Pindaré-Mirim,1832,30
Calçoene,1828,13
Assis Brasil,1827,24
Humberto de Campos,1826,11
Bom Jardim,1825,72
Aurora do Pará,1824,15
Alcântaras,1823,22
Meruoca,1820,33
Patu,1819,30
Caetés,1819,23
Forquilha,1818,80
Coremas,1817,41
Groaíras,1816,33
Buriti Bravo,1811,20
São Gabriel,1811,15
Iraquara,1809,19
Solonópole,1808,35
Itapecerica,1807,45
Maraú,1805,19
Vera Cruz,1798,79
Ribeirópolis,1798,34
Jaboticatubas,1798,42
Acrelândia,1797,37
Tejuçuoca,1797,31
João Dourado,1797,51
Conceição da Feira,1797,33
Alcobaça,1797,30
Plácido de Castro,1796,20
Divino,1796,41
Ibirapitanga,1795,39
Novo Oriente,1790,43
Nova Olinda,1789,20
Acará,1788,40
Belterra,1783,38
Santa Maria do Pará,1781,27
Buritizeiro,1777,41
Cachoeira,1776,32
Umarizal,1775,21
Ananás,1773,28
Agrestina,1769,68
Parnarama,1768,26
Baependi,1764,33
Cássia,1761,58
Uruoca,1749,31
Sítio Novo,1745,26
Limoeiro do Ajuru,1734,63
Olho d'Água das Flores,1732,40
Trizidela do Vale,1731,39
Campina Verde,1731,35
Quiterianópolis,1729,51
Frei Paulo,1729,36
Maragogi,1727,51
Amarante do Maranhão,1725,59
Pitimbu,1722,22
Caridade,1721,53
Barra de Santa Rosa,1721,13
Ourolândia,1718,15
Baraúna,1715,29
Serrita,1709,26
Itiúba,1701,39
Pé de Serra,1699,9
Oeiras do Pará,1697,48
Guajará,1696,29
Alto Alegre,1696,39
Una,1695,46
Coelho Neto,1692,51
Salgado,1692,44
Utinga,1692,17
São Pedro do Piauí,1690,29
Porto da Folha,1689,37
Aratuba,1687,13
Simplício Mendes,1681,48
São João da Baliza,1679,12
Abaeté,1679,44
Tutóia,1676,50
Toritama,1675,46
Chupinguaia,1669,25
Ervália,1668,37
Retirolândia,1664,13
Santa Luzia do Pará,1660,25
Vertentes,1659,15
São Sebastião do Uatumã,1658,19
Inhuma,1655,24
Parambu,1653,67
Paratinga,1650,32
Carmo do Rio Claro,1647,64
Pindobaçu,1646,31
São José da Coroa Grande,1644,42
Chaval,1643,27
Monsenhor Gil,1643,39
Paço do Lumiar,1641,198
Queimadas,1641,44
Guaiúba,1638,61
Joaquim Pires,1636,31
Raposa,1630,47
Itapicuru,1629,24
Água Preta,1625,62
Fonte Boa,1618,44
Igreja Nova,1613,22
Feira Nova do Maranhão,1607,10
Canápolis,1607,35
Milhã,1605,31
Barreira,1603,51
Matipó,1603,41
São Benedito do Rio Preto,1602,18
Feira Nova,1602,55
Caririaçu,1600,48
Bicas,1600,48
Pocinhos,1599,25
São João do Rio do Peixe,1597,35
Amarante,1592,35
Corinto,1590,49
Cairu,1588,17
Bananeiras,1588,27
Delta,1585,30
Epitaciolândia,1583,36
Cristais,1582,30
Santa Bárbara,1578,23
Itambé,1577,51
Guaratinga,1571,44
Porteiras,1569,31
Canavieiras,1569,74
Seringueiras,1568,21
Florânia,1567,19
Ferreira Gomes,1566,7
Limoeiro de Anadia,1565,34
Manga,1565,18
Viseu,1564,37
Terra Santa,1564,55
Arame,1563,42
Porto de Moz,1560,40
Montalvânia,1558,19
Taguatinga,1557,31
Fortuna,1555,7
Porto Acre,1554,38
Brejinho,1553,17
Carmo do Cajuru,1553,56
Brasília de Minas,1552,10
Estiva,1549,25
Água Branca,1548,75
Pedra Branca,1548,67
Alto Alegre dos Parecis,1545,46
Chapada Gaúcha,1545,19
Martinópole,1542,27
Passira,1541,55
Bujaru,1540,40
Alvorada,1540,30
Dom Pedro,1540,37
Remígio,1540,28
Monte Santo,1537,64
Apuí,1536,32
Formosa do Rio Preto,1531,32
Caravelas,1531,16
Venturosa,1530,34
Canarana,1530,40
Mar de Espanha,1530,45
Ipanguaçu,1529,25
Sanharó,1528,25
Anadia,1525,34
Mãe do Rio,1524,71
Matriz de Camaragibe,1523,44
Cruzília,1521,42
Itapetim,1519,34
Presidente Dutra,1519,26
Santo Antônio dos Lopes,1513,29
Itaiçaba,1513,23
Salinas da Margarida,1510,21
Bom Jardim,1509,55
Itapuã do Oeste,1506,18
Tururu,1500,38
Nova Esperança do Piriá,1498,9
Alto Alegre do Maranhão,1498,28
Ibititá,1498,26
Riachão das Neves,1497,45
Graça,1496,19
Santa Maria da Boa Vista,1496,29
Cocal,1495,47
Japaratuba,1495,55
Riachão do Dantas,1495,35
Morrinhos,1491,33
Touros,1491,32
Ararendá,1486,22
Malacacheta,1486,28
Catunda,1485,20
Astolfo Dutra,1485,28
Durandé,1485,12
Madalena,1484,37
Tanhaçu,1484,26
Condado,1482,43
Salvaterra,1479,31
Canutama,1475,10
Ipaporanga,1472,17
Curaçá,1472,33
Garrafão do Norte,1469,11
Juripiranga,1469,31
Buerarema,1468,46
Olindina,1467,24
Croatá,1464,17
Palhano,1462,26
Paripiranga,1460,31
São Tomé,1459,25
Alagoinha,1458,29
Pacoti,1457,26
Miranda do Norte,1455,32
Mojuí dos Campos,1452,33
Trairão,1449,27
Igaci,1447,28
Tonantins,1445,39
Iracema,1439,17
Irituia,1439,21
Ipuiúna,1434,43
Wanderlândia,1433,21
Itaparica,1430,38
Palmeirópolis,1428,29
Dormentes,1427,9
Jataúba,1425,21
Condeúba,1425,31
Amapá,1424,13
Fortaleza dos Nogueiras,1423,27
Capitólio,1422,40
Governador Dix-Sept Rosado,1421,19
Urupá,1417,32
Miraíma,1417,19
Parnamirim,1417,35
Massaranduba,1417,27
Carinhanha,1417,33
Neópolis,1416,42
Craíbas,1414,29
Martinho Campos,1414,35
Campo Novo de Rondônia,1413,27
Arinos,1410,31
Itanhém,1409,40
Juruaia,1404,22
Piatã,1396,30
Araripe,1391,23
Soledade,1391,15
Mário Campos,1391,53
Silves,1390,22
Coronel João Sá,1390,18
Maria da Fé,1389,46
Santana do Cariri,1388,30
Apuiarés,1387,25
Formosa da Serra Negra,1386,10
Catende,1386,68
Canto do Buriti,1384,46
Upanema,1383,19
Carneirinho,1383,46
Altinho,1378,30
Macaparana,1377,40
Congonhal,1377,29
Grossos,1376,21
São José da Tapera,1371,41
Marechal Thaumaturgo,1370,13
São Vicente Férrer,1370,35
Vera Cruz,1369,21
Dores do Indaiá,1368,17
Frei Miguelinho,1367,25
Capoeiras,1366,27
Anajás,1365,22
Batalha,1365,35
Buriti dos Lopes,1365,35
Pendências,1365,39
Ibotirama,1363,50
Capitão Enéas,1362,20
São Luís do Quitunde,1361,27
Serra Negra do Norte,1359,17
São Luís do Curu,1359,40
Buriti do Tocantins,1356,23
Baía da Traição,1356,12
Mairi,1356,16
Paulista,1356,11
Lagoa da Canoa,1353,23
São Sebastião de Lagoa de Roça,1346,22
São Luís Gonzaga do Maranhão,1344,23
Barroquinha,1343,25
Campos Altos,1339,27
Serra do Navio,1335,5
Beneditinos,1335,41
Itamogi,1334,45
Manoel Vitorino,1333,33
Orobó,1333,29
Pilar,1330,30
Ipaumirim,1328,22
Santa Luzia do Paruá,1326,15
Limeira do Oeste,1325,36
Vale do Anari,1322,25
Passagem Franca,1321,30
Iapu,1321,37
Antas,1319,13
Centralina,1319,53
Itatiaiuçu,1318,34
Eugenópolis,1315,20
Ilha de Itamaracá,1313,35
Ubaitaba,1310,44
Riacho das Almas,1306,33
Ibipitanga,1303,22
Rafael Jambeiro,1303,25
Fervedouro,1300,18
Água Azul do Norte,1299,18
Ubaíra,1294,30
Abre Campo,1292,17
Arauá,1292,22
Bom Sucesso,1290,28
Mulungu,1289,20
Monte Alegre,1289,12
Arceburgo,1289,34
Ipubi,1289,64
Nova Ipixuna,1287,25
Carnaubais,1282,23
Tenente Ananias,1282,22
Santa Bárbara do Pará,1281,27
São Domingos do Capim,1281,33
Lagoa de Itaenga,1281,31
Lucena,1279,19
Floresta do Araguaia,1278,28
Guapé,1276,43
Ibicuí,1273,28
Lagoa do Carro,1269,28
Itacaré,1267,27
Belmonte,1266,28
Sento Sé,1266,48
Areado,1265,33
Conceição do Rio Verde,1262,26
Paulistana,1261,15
Bom Repouso,1260,28
Atalaia,1257,54
Natividade,1254,24
São João do Soter,1253,6
Alvorada D'Oeste,1251,30
Cacimba de Dentro,1248,36
Itagibá,1248,29
Medina,1247,26
Felipe Guerra,1246,17
Peritoró,1245,10
Taperoá,1242,34
Pão de Açúcar,1239,30
Ataléia,1238,10
Salinópolis,1235,104
Guadalupe,1232,23
Saboeiro,1231,18
Joaíma,1231,44
Paulo Ramos,1230,36
Felixlândia,1230,29
São Caetano de Odivelas,1229,34
Governador Mangabeira,1229,18
Pio IX,1228,22
Jacaraú,1228,36
Fátima,1225,14
Porto Calvo,1223,48
Cruzeta,1220,14
Carolina,1219,24
Ibaretama,1217,25
Anajatuba,1215,27
Glória,1215,26
Pires Ferreira,1214,7
Campestre do Maranhão,1211,46
Água Branca,1211,14
Jupi,1211,22
Dores de Campos,1210,38
Lima Campos,1209,14
Curimatá,1209,17
Messias,1208,29
Glória do Goitá,1207,51
Senador Guiomard,1206,42
Moita Bonita,1204,13
Pimenteiras,1203,29
Piranhas,1203,26
São José da Laje,1201,29
Boa Vista do Ramos,1200,13
Bonito,1199,47
Uiramutã,1197,21
Pedra,1197,32
Banzaê,1195,9
Nova Olinda,1194,50
Arês,1193,26
Cruz do Espírito Santo,1192,28
Monte Alegre do Piauí,1191,17
Landri Sales,1190,18
Abaré,1190,11
Coribe,1188,17
Amajari,1185,25
São Bernardo,1185,21
Ibirapuã,1185,18
Santa Luzia,1183,32
Esperantinópolis,1182,30
Irauçuba,1181,45
Caetanópolis,1180,21
Gonçalves Dias,1179,29
Lajes,1178,13
Itabirinha,1178,43
Ibiraci,1177,25
Mato Verde,1177,15
Mogeiro,1175,18
Várzea da Roça,1175,10
Iguaí,1174,39
Arraias,1171,13
Senador Sá,1171,14
Passa e Fica,1167,7
Triunfo,1166,21
Salitre,1164,22
Maruim,1161,41
Junqueiro,1159,47
Centro Novo do Maranhão,1158,13
Frutuoso Gomes,1157,10
Anagé,1154,30
Jenipapo dos Vieiras,1153,22
Oliveira dos Brejinhos,1152,17
Bujari,1149,17
Nova Timboteua,1149,18
Flores,1149,38
Satuba,1149,38
Quebrangulo,1147,15
Goiatins,1142,17
Olho d'Água do Borges,1142,8
Juazeirinho,1140,17
São Félix do Coribe,1140,28
Acari,1138,21
Serrolândia,1138,13
Batalha,1134,20
Itueta,1134,6
Carutapera,1131,38
Angicos,1130,24
Nazaré da Mata,1130,83
Faro,1128,30
Cachoeira de Minas,1128,20
Teixeira,1125,38
Axixá do Tocantins,1119,21
Panelas,1119,31
Jacinto,1119,19
Malhador,1118,30
Lagoa Dourada,1118,13
Terra Nova,1117,15
Ilha Grande,1113,21
Itinga do Maranhão,1112,31
Jaguaribara,1110,24
Dona Euzébia,1110,17
Conde,1107,17
Aurelino Leal,1106,35
Campo Alegre de Lourdes,1106,37
São José do Campestre,1105,28
Conceição dos Ouros,1104,36
Pedro Velho,1103,14
Poço Redondo,1103,32
Choró,1102,18
Lençóis,1102,18
Abel Figueiredo,1101,11
Lagoa Nova,1100,16
Adustina,1098,27
Águas Formosas,1096,34
Mirante da Serra,1095,13
Cumaru do Norte,1095,12
São José da Lagoa Tapada,1095,8
Tomar do Geru,1095,27
Aparecida,1094,14
Tanque Novo,1094,14
Cachoeira dos Índios,1093,21
Ibimirim,1093,27
Bonito,1092,14
Mirabela,1092,22
Silvanópolis,1089,24
Arari,1087,33
Ibiassucê,1087,5
Serra Branca,1086,35
Cipó,1086,15
Triunfo,1084,22
São Domingos,1081,13
Dom Basílio,1081,16
Carmópolis,1079,40
Igaratinga,1077,15
Lagoa de Dentro,1076,10
Peixe,1075,22
Wanderley,1075,30
Jacuí,1075,38
Rio Formoso,1074,43
Fronteiras,1068,11
Filadélfia,1066,30
Ponte Alta do Tocantins,1065,17
Ribeira do Amparo,1064,9
Belo Vale,1063,12
Arara,1061,29
Casserengue,1061,22
Moema,1061,13
Santa Luzia D'Oeste,1060,21
Livramento,1060,6
Regeneração,1059,26
Belém do São Francisco,1058,13
Teofilândia,1053,21
Japurá,1051,11
Francisco Sá,1050,47
Jiquiriçá,1049,27
Ferreiros,1048,20
Santa Terezinha,1047,27
Murici,1047,49
Mirandiba,1046,18
Aliança,1045,66
Santa Cruz,1045,12
Combinado,1044,16
Baixa Grande,1044,19
Sirinhaém,1044,57
Matões,1043,14
Caldas,1043,39
Rio do Antônio,1042,17
Guimarânia,1041,18
Itatuba,1040,21
Boa Nova,1040,22
Jaguaripe,1039,21
Afrânio,1038,16
Lagoa do Barro do Piauí,1036,8
Cedro de São João,1035,20
Ibipeba,1033,13
Heliópolis,1033,13
Cachoeira do Piriá,1032,7
Cacaulândia,1031,15
Mulungu,1031,20
Ibicoara,1031,11
Campo Florido,1029,16
Bela Vista de Minas,1029,25
Itanhomi,1029,27
Careiro da Várzea,1028,25
Palmácia,1028,23
Palmas de Monte Alto,1027,18
Capela,1025,17
Caraí,1024,17
Itaipava do Grajaú,1023,13
Marapanim,1022,45
Teolândia,1022,10
Alto Parnaíba,1021,11
Paramoti,1020,19
Caputira,1020,20
Carmo de Minas,1020,26
Cocos,1018,18
Rodrigues Alves,1016,14
Governador Edison Lobão,1016,32
Marcelino Vieira,1015,13
Nova Floresta,1015,16
Santa Rosa do Purus,1014,7
Juruá,1014,16
Poço Branco,1014,16
São Rafael,1014,16
Itacajá,1013,16
Tocantínia,1013,13
São Félix,1012,8
Bom Jesus,1010,19
Pau Brasil,1010,25
Tavares,1009,19
Uibaí,1009,25
Fagundes,1008,23
Morro do Chapéu do Piauí,1007,6
Itaíba,1007,14
Bueno Brandão,1007,30
Itainópolis,1006,11
Itiruçu,1005,25
Cafarnaum,1004,24
Poranga,1003,14
Jitaúna,1003,30
Cansanção,1003,39
Quatipuru,1001,19
Paraibano,1001,39
Taperoá,1001,19
Piçarra,999,8
Gurinhém,998,18
Piripá,997,9
Belo Campo,993,18
Custódia,992,66
João Alfredo,990,51
Tasso Fragoso,989,9
Candeias,989,24
Jordânia,989,14
Simões,988,15
Juarez Távora,988,12
Souto Soares,988,22
Tupanatinga,987,11
Baianópolis,986,20
Riacho dos Cavalos,986,17
Escada,984,105
Capetinga,984,34
Marcolândia,982,21
Santa Maria das Barreiras,981,13
Santana do Matos,981,18
Andorinha,981,17
Capela do Alto Alegre,980,18
Brejo Grande do Araguaia,979,4
Araguaçu,979,22
Breu Branco,977,59
Aldeias Altas,977,14
Cuitegi,977,25
Nina Rodrigues,976,20
Itagi,976,23
Santa Brígida,975,21
Gado Bravo,974,12
Umirim,972,41
Wagner,972,9
Major Isidoro,968,23
Mortugaba,966,13
Itamarati,965,9
Brejo,965,20
Campo do Meio,965,16
Dário Meira,964,20
América Dourada,964,13
Caatiba,961,15
Pintadas,961,8
São Joaquim do Monte,960,37
Salgado de São Félix,958,13
Andaraí,958,10
Figueirópolis,955,20
Bagre,954,12
Buriti,954,8
Colméia,953,29
Igarapé do Meio,951,30
Itapissuma,951,49
Piaçabuçu,949,23
Barrocas,948,27
Cristópolis,948,10
Carmo da Mata,948,10
Araújos,947,14
Barro Alto,947,14
Iuiu,945,12
São Francisco do Pará,944,35
Maiquinique,944,13
São João,944,27
Cantanhede,943,12
Carnaúba dos Dantas,943,9
Olho d'Água das Cunhãs,942,27
Cristino Castro,941,13
Bertolínia,939,12
Itapitanga,937,15
Guarani,937,7
Minas Novas,937,25
Lima Duarte,937,49
Deputado Irapuan Pinheiro,936,13
São Bento do Tocantins,934,9
Piraí do Norte,934,12
Vale do Paraíso,932,26
Cabixi,931,22
Jatobá,931,19
Muniz Ferreira,931,3
Lago Verde,930,25
Uiraúna,930,30
Lagoa do Piauí,929,4
Brazópolis,929,32
Marcação,929,10
Várzea Nova,929,12
Macarani,927,26
Guiricema,927,33
Cariri do Tocantins,924,18
São Mamede,922,32
Lagoa Grande,920,32
Itambacuri,920,28
São Bento,919,28
Antônio Gonçalves,919,10
Aracatu,918,18
Jucuruçu,918,11
Monsenhor Paulo,916,10
Terra Nova,914,25
Divinópolis do Tocantins,912,11
Turilândia,908,10
Mundo Novo,908,8
Cacimbinhas,908,12
Manoel Urbano,907,14
Santa Rita,906,30
Ereré,906,15
Puxinanã,906,8
São Domingos,906,31
Iraí de Minas,906,15
Nova União,905,15
Pindaí,904,11
Governador Nunes Freire,901,11
Muaná,899,32
Montes Altos,899,13
São João do Arraial,896,8
Conceição,896,29
Mirador,895,9
Boquira,895,21
Angical do Piauí,894,12
São Miguel das Matas,894,8
Capim Branco,894,18
Monte Alegre de Sergipe,892,13
Corumbiara,891,23
Duque Bacelar,888,19
Babaçulândia,886,8
Rosário do Catete,886,20
Brejinho,885,21
Serra Preta,885,20
Primavera,884,22
Camutanga,882,25
Aveiro,880,14
Ribeiro Gonçalves,880,15
Orocó,880,15
Conquista,880,16
Mascote,879,25
Boa Vista,879,16
Iguaracy,878,29
Serra do Ramalho,878,32
Angical,877,20
Theobroma,876,26
Santa Cruz do Piauí,875,15
Buritirama,875,24
Cambuquira,875,28
Cutias,874,7
Brejões,874,12
Macajuba,874,10
Antônio Carlos,870,17
Tenente Laurentino Cruz,869,4
Guaramiranga,867,4
Juru,865,17
Alvinópolis,865,23
Senador José Porfírio,864,20
Itatim,861,26
Miradouro,861,14
Lagoa Real,859,10
Nova Soure,858,27
Urandi,858,9
Potiretama,857,8
Junco do Seridó,857,12
Moreilândia,856,12
Calumbi,856,5
Floresta Azul,856,20
Barra do Mendes,856,17
Fernando Falcão,855,1
Divina Pastora,855,12
Aliança do Tocantins,853,24
Boqueirão do Piauí,853,11
Canudos,852,17
Entre Rios de Minas,851,21
Olinda Nova do Maranhão,850,11
Capitão de Campos,850,27
Santa Fé do Araguaia,849,13
Jaçanã,849,6
Ibitiara,849,11
Antonina do Norte,848,26
Sátiro Dias,848,15
Siriri,847,12
Cabo Verde,847,10
Itapé,846,29
Alterosa,846,36
Catarina,845,18
Mendes Pimentel,845,8
João Lisboa,844,60
Caiçara,840,14
Pilão Arcado,839,23
Quixabeira,839,8
Jati,838,14
Serra do Mel,836,19
Penaforte,834,14
Pirpirituba,834,17
Nossa Senhora Aparecida,833,18
Tanquinho,833,17
Dois Irmãos do Tocantins,832,20
Anapurus,832,15
Pacatuba,832,25
Engenheiro Caldas,829,30
Loreto,828,6
Córrego Fundo,828,8
Frei Inocêncio,827,28
Aiuaba,825,11
São João do Sabugi,825,8
Quipapá,825,15
Baião,820,38
Santa Helena,820,13
Passo de Camaragibe,820,22
Jacaraci,819,18
Bom Jesus do Tocantins,816,26
Afonso Bezerra,816,18
Barreiros,816,67
Feira Grande,814,20
Tacaratu,813,28
Cotegipe,813,23
Nossa Senhora dos Remédios,812,12
Araguanã,811,5
Bom Jesus do Galho,811,35
Iati,810,19
Açucena,810,38
Coração de Jesus,810,22
São Miguel do Gostoso,809,18
Governador Newton Bello,808,10
Taquaritinga do Norte,808,26
Palestina do Pará,807,9
Severiano Melo,807,13
Vicência,807,35
Guidoval,807,20
Serra Redonda,806,11
Conceição da Aparecida,805,10
Diamante,804,11
Barrolândia,803,20
Araguacema,803,18
Itacarambi,803,18
Cabaceiras do Paraguaçu,802,5
Isaías Coelho,800,7
São João do Jaguaribe,798,10
Arataca,796,15
Ilicínea,796,29
Campo Redondo,794,13
Igrapiúna,794,14
Candiba,792,16
Delfinópolis,792,12
Laranjal,792,28
Tremedal,791,17
Ipiranga do Piauí,789,15
Pastos Bons,787,21
Caetanos,787,11
Espírito Santo,784,13
Coqueiral,779,24
Grão Mogol,778,12
Umburanas,777,10
Apuarema,777,11
Luís Gomes,776,10
Agricolândia,775,8
Pariconha,775,10
Vertente do Lério,772,8
Boa Ventura,772,12
Santana do Mundaú,770,19
Taipu,768,17
Gongogi,768,18
São Vicente,767,3
Portalegre,766,16
Brejo dos Santos,766,8
Tamandaré,765,37
Piritiba,763,15
São José da Vitória,763,8
Darcinópolis,762,13
Taquarana,762,26
São Vicente do Seridó,762,3
Lagoa dos Gatos,761,11
Estrela do Sul,761,22
Pirambu,760,28
Maracanã,759,48
Chalé,759,12
São Roberto,757,5
Tibau,756,12
Santarém Novo,755,8
Esperantina,754,21
Barro Duro,754,12
Barra de Santana,754,8
Inhaúma,754,22
Nova Itarana,752,9
Jandaíra,751,8
Jaborandi,751,10
Indianópolis,751,7
Pau D'Arco,749,12
Tracuateua,749,25
Altaneira,749,18
Queimada Nova,747,6
Dona Inês,747,20
Bom Jesus da Penha,746,20
Itapebi,744,25
Barra de São Miguel,743,10
Rio de Contas,743,7
Nova Fátima,742,5
Ibiara,742,5
Branquinha,741,14
Cordeiros,740,6
Jericó,740,15
Maranhãozinho,739,8
Sítio Novo do Tocantins,738,10
Serra Caiada,738,19
Tangará,738,17
Nova Canaã,737,22
Santa Luzia do Itanhy,735,13
Itarantim,732,29
Central de Minas,732,36
Joaquim Gomes,730,27
Carmo da Cachoeira,730,18
Eldorado do Carajás,729,32
Riachuelo,729,18
Paranã,726,13
Matias Olímpio,726,14
Araruna,726,17
Jucati,726,12
Lontra,725,10
Alto Longá,724,15
Encanto,724,17
Baraúna,724,9
Gouveia,724,34
Heliodora,724,16
Santa Maria do Cambucá,723,20
Sertãozinho,723,7
Presidente Jânio Quadros,723,13
Jequeri,723,23
São Luiz,722,13
São Miguel do Tocantins,722,17
Machacalis,722,12
Aguiarnópolis,720,14
Baixio,720,14
Cabeceiras do Piauí,720,16
Desterro,720,12
Encruzilhada,720,20
Buriti dos Montes,718,10
Araçás,718,17
Pirapemas,717,13
Potengi,716,6
Pilõezinhos,716,13
Governador Archer,715,7
Montanhas,715,14
Madre de Deus de Minas,715,12
Santanópolis,714,12
Machados,714,18
Santa Terezinha,714,11
Jussara,710,11
Vila Nova dos Martírios,709,6
São José do Sabugi,709,8
Soure,708,25
Elesbão Veloso,708,32
Alcantil,707,8
Nilo Peçanha,707,16
Jordão,706,2
Caapiranga,706,22
Filadélfia,706,13
Guarda-Mor,706,13
Itajá,705,12
Brejinho de Nazaré,703,17
Camocim de São Félix,703,21
Lajedo do Tabocal,703,14
Antônio Martins,702,7
Aguanil,702,8
Campo Grande,699,14
Monsenhor Hipólito,698,5
Redenção do Gurguéia,698,21
Solidão,698,3
Itaquara,698,9
Itagimirim,698,15
Maravilhas,697,7
Doutor Severiano,696,22
Santo Amaro das Brotas,696,19
Novo Horizonte do Oeste,695,22
Carbonita,695,6
Araponga,695,12
Araçoiaba,695,33
Bandeira do Sul,694,15
Aramari,694,14
Fátima,692,10
Nordestina,691,30
Ponto Novo,690,12
Santa Inês,690,12
Baldim,690,22
Gilbués,689,6
Flexeiras,689,20
Amaraji,689,48
Água Doce do Maranhão,687,9
Araioses,687,15
Itaguatins,686,17
Paramirim,686,20
Iguatama,686,10
Saloá,685,26
José da Penha,683,10
Paraú,682,13
Riachuelo,682,12
Sampaio,681,10
Cana Verde,679,10
São Sebastião da Boa Vista,678,24
Itaguaçu da Bahia,677,8
Pedrinhas,676,17
Gararu,676,17
Aporá,676,19
Capixaba,675,17
Tarrafas,675,17
Curral de Dentro,675,14
Serrinha,674,11
Santa Cruz da Vitória,674,9
Boninal,674,9
Chaves,673,6
Joselândia,673,5
Dom Joaquim,673,7
Hugo Napoleão,672,9
Arneiroz,672,17
Macambira,672,8
Tuparetama,672,27
Monte do Carmo,671,12
Muquém do São Francisco,668,8
Terra Alta,667,23
Nova Palmeira,667,5
Careaçu,666,14
Felisburgo,666,17
Palmeiras do Tocantins,665,6
Jussari,665,11
Vereda,665,19
Pacujá,662,12
São Miguel do Tapuio,661,14
Santa Cruz da Baixa Verde,661,19
Barro Preto,661,12
Candeal,661,3
Paraná,660,2
Tapiramutá,659,6
Governador Jorge Teixeira,658,22
Canhotinho,658,32
Itaquitinga,658,35
Pedra Grande,657,5
Milagres,657,7
Serraria,656,11
Varzedo,656,6
Bannach,655,3
Brasileira,655,16
Novo Triunfo,655,8
Saúde,655,4
Bernardo Sayão,653,13
Cachoeirinha,653,34
Santa Cruz,653,9
Mata Roma,652,11
Traipu,651,24
Dom Cavati,650,22
Almadina,648,11
Saubara,648,19
Santana,648,44
Normandia,647,36
Xexéu,646,29
Barra de São Miguel,646,8
Capinzal do Norte,645,9
Carrasco Bonito,644,6
Bacuri,644,4
Cajueiro,644,31
Abaiara,642,17
Ouro Branco,642,10
Alfredo Vasconcelos,641,16
Cumaru,640,22
Cubati,639,15
Caturité,639,9
Jandaíra,639,13
Pequizeiro,638,12
Mulungu do Morro,637,12
Antônio Cardoso,636,11
Condado,636,10
Rio Crespo,635,13
Bonfinópolis de Minas,634,14
Jequiá da Praia,632,11
Ibateguara,632,19
Davinópolis,631,31
Santa Filomena,630,16
Itamarati de Minas,630,6
Planaltino,629,9
Santana do São Francisco,628,15
Dois Riachos,628,8
Serrinha dos Pintos,626,4
Lago dos Rodrigues,625,15
Dom Expedito Lopes,625,12
Água Boa,625,11
Caldas Brandão,624,10
Rosário,623,25
Jurema,623,25
Cidelândia,622,7
Malhada,622,22
São João da Canabrava,621,8
Biritinga,621,7
Caridade do Piauí,619,5
Poção,619,18
Caseara,618,14
Manaíra,618,7
Frei Gaspar,618,14
Cristinápolis,613,30
Couto Magalhães,612,8
Joca Marques,611,7
Joaquim Nabuco,611,29
Cachoeira do Arari,610,25
Porto Real do Colégio,610,21
Gameleira,610,40
Gentio do Ouro,609,12
Catas Altas,609,13
Entre Folhas,608,14
São Pedro da Água Branca,607,5
Nova Ibiá,607,22
Antônio Dias,607,27
Boa Hora,606,7
Aroazes,606,12
Luís Domingues,604,2
Serra da Raiz,603,5
Maxaranguape,601,6
Estrela de Alagoas,601,18
Guaraciaba,601,32
Belém do Brejo do Cruz,599,7
Abadia dos Dourados,599,19
Sítio do Quinto,597,11
Coimbra,597,12
São Valério,595,17
Cristina,594,9
Cristalândia,593,17
Elísio Medrado,593,9
Araguanã,592,16
Ibitiúra de Minas,592,5
Alto Rio Doce,587,29
Guarará,586,18
São Francisco do Brejão,585,0
Lagoa Salgada,585,7
Mata Verde,585,8
Sairé,584,11
Inimutaba,584,17
São José dos Basílios,582,4
Bom Jardim de Minas,582,5
Olivedos,580,5
Marcionílio Souza,579,19
Aragominas,578,11
Caiçara do Norte,578,12
Melgaço,577,17
São Sebastião do Tocantins,577,8
Timbiras,576,24
Lucrécia,576,5
São Miguel de Taipu,576,11
Caldeirão Grande,576,6
Acajutiba,575,21
Mucugê,575,11
Alvarenga,575,4
Colônia do Gurguéia,574,12
Bonito de Santa Fé,574,14
Coité do Nóia,574,21
Monte Horebe,574,7
Cuparaque,574,8
Apicum-Açu,573,11
Santa Cecília,573,4
Divisa Alegre,573,10
Catuji,572,8
Curralinho,571,33
Muricilândia,571,2
Sobrado,571,9
Terezinha,570,8
Ministro Andreazza,569,15
Francisco Dantas,568,5
Serra Dourada,568,17
Umbuzeiro,568,14
Nazarezinho,566,18
Galiléia,566,21
Ouro Branco,565,5
Inconfidentes,564,12
Datas,564,13
Mirangaba,563,9
Coroaci,563,14
Verdejante,562,10
Arapoema,561,12
Martins,561,9
Colares,560,22
Nazaré,560,7
Lago do Junco,560,5
Jundiá,560,8
Teixeirópolis,559,9
Pium,559,8
Maribondo,559,18
Cabeceira Grande,559,7
Quixaba,558,14
Poço das Trincheiras,558,11
Cerro Corá,557,13
Itamari,557,11
Belo Monte,555,9
Várzea Grande,554,1
Duas Estradas,554,17
São José dos Ramos,554,7
General Sampaio,553,19
Ouriçangas,553,10
Campo Grande,553,11
Água Branca,553,23
Bandeirantes do Tocantins,552,8
Rafael Fernandes,552,4
Porto Walter,551,6
Caldeirão Grande do Piauí,551,2
Gracho Cardoso,551,7
Ipiaçu,551,6
Pedro Alexandre,551,9
Itaubal,550,3
Ribamar Fiquene,550,18
Confins,550,17
Lagoa de São Francisco,549,4
Curral de Cima,549,4
Maturéia,549,13
Lagoa do Ouro,549,13
Riachinho,547,10
São João do Carú,547,9
Aguiar,547,5
Potiraguá,545,12
Maracaçumé,543,8
Umari,543,12
Várzea do Poço,543,5
Cipotânea,543,23
Coluna,543,9
Porto,542,15
Crucilândia,542,8
Francisco Santos,541,7
Lagoa de Pedras,540,14
Cachoeira de Pajeú,540,11
São Felipe D'Oeste,539,12
Bom Lugar,538,7
Magalhães de Almeida,538,8
Baía Formosa,538,9
Equador,537,6
Tacaimbó,537,11
Viçosa,536,4
Alpercata,536,21
Claro dos Poções,536,11
Itinga,536,16
Mirante,535,8
Betânia,534,17
Bom Sucesso,534,5
Tabocão,533,8
Sussuapara,533,11
Pureza,533,18
Anguera,533,2
Gurinhatã,533,5
Alegrete do Piauí,529,9
Parazinho,529,9
Paranatama,529,20
Claraval,529,4
Rafael Godeiro,528,3
Calçado,528,7
Divisa Nova,528,13
Padre Marcos,527,9
Avelino Lopes,526,19
Nossa Senhora de Nazaré,526,18
Coronel João Pessoa,526,7
Caém,526,7
Cocal de Telha,525,13
Pilões,524,5
Mataraca,524,15
Bonfim,524,18
Nova Olinda do Maranhão,522,13
Morros,522,16
Rio do Fogo,522,11
Santa Maria do Tocantins,521,3
São José do Jacuípe,521,2
Igaporã,519,24
Itaporã do Tocantins,517,3
Mata Grande,517,21
Indiaroba,517,30
Campo Grande do Piauí,516,10
Campo Largo do Piauí,515,6
Palmeirante,514,8
Granjeiro,514,4
Fernando Pedroza,513,4
Divisópolis,513,7
Juvenília,511,6
Santa Quitéria do Maranhão,510,20
Bonfim do Piauí,510,8
Almino Afonso,510,13
Centro do Guilherme,509,5
Palestina,509,4
Santa Luzia do Norte,509,9
Camalaú,508,7
Itaú,507,14
Chã Grande,506,30
Riachão do Bacamarte,506,0
Novo Horizonte,505,10
Aiquara,505,12
Ribeirão,504,81
São José de Espinharas,502,7
Maurilândia do Tocantins,501,4
Curralinhos,501,2
Central,501,18
Quijingue,501,21
Manoel Emídio,499,18
Aratuípe,499,12
Sebastião Laranjeiras,497,9
Bertópolis,497,5
Delfim Moreira,497,24
Francisco Macedo,496,5
Nossa Senhora de Lourdes,496,12
Belém do Piauí,495,8
Damião,495,4
Lastro,495,4
Capitão Andrade,494,22
Ferros,494,12
Jequitibá,494,10
Ingazeira,492,7
Itapiratins,490,8
São Pedro,490,12
Lajedão,490,8
Lassance,490,6
Cajueiro da Praia,489,20
Bom Jesus da Serra,489,9
Ipecaetá,489,13
Mamonas,488,6
Brejão,487,9
Coqueiro Seco,487,8
São Bentinho,486,6
Canápolis,486,10
Malta,485,13
Ijaci,485,14
Geminiano,483,6
Inajá,483,14
Casinhas,483,13
Córrego do Bom Jesus,483,8
Rio dos Bois,482,8
Bandeira,482,10
Cristiano Otoni,482,18
Barão de Grajaú,481,6
Sebastião Leal,481,8
Colônia do Piauí,480,5
Chã de Alegria,480,23
Penalva,479,14
Manari,479,6
Major Sales,477,13
São Fernando,477,6
Granito,477,8
Inhapi,477,17
Martins Soares,476,13
Luisburgo,476,17
Porto do Mangue,474,11
Josenópolis,472,3
Paulino Neves,471,5
Nova Rosalândia,470,13
Messias Targino,470,6
Cabaceiras,470,4
Lajeado Novo,469,13
Águas Vermelhas,469,11
Cravolândia,468,2
Barra de Santo Antônio,468,33
Olivença,468,17
Ichu,468,4
Dores do Turvo,468,14
Santana dos Garrotes,467,10
Ribeirão do Largo,467,10
Firmino Alves,466,11
Ielmo Marinho,465,7
Mercês,465,21
Jacaré dos Homens,464,5
Senador Alexandre Costa,463,1
São José do Seridó,463,2
Lagamar,463,15
Curral Velho,462,1
Brejo Grande,462,13
São Pedro dos Crentes,461,2
Matina,461,9
São Gonçalo do Piauí,460,7
Senador Elói de Souza,460,7
Novo Acordo,459,7
Tacima,459,10
Botuporã,459,5
São Benedito do Sul,458,17
Igaracy,458,7
Sigefredo Pacheco,457,15
São Miguel do Aleixo,457,5
Campos Lindos,456,6
São João do Cariri,456,4
Licínio de Almeida,456,10
Tanque d'Arca,455,12
Alvorada do Gurguéia,453,11
Barra de Guabiraba,453,17
Pimenteiras do Oeste,452,15
Comercinho,452,6
Indaiabira,452,1
Japaratinga,451,15
Iramaia,450,15
Malhada de Pedras,449,9
Barra Longa,449,13
Nova Olinda,449,9
Buritirana,448,24
Canapi,448,12
Dom Silvério,448,16
Alagoa,447,8
Nazária,446,18
Espírito Santo do Dourado,446,16
Dueré,445,10
Crisópolis,445,16
Jaguaraçu,444,11
Rio Grande do Piauí,443,8
Carrancas,443,10
Bocaina,442,10
Lagoa d'Anta,441,9
Pedra Branca,441,6
Mesquita,441,7
Lajes Pintadas,440,9
Carrapateira,440,6
Gavião,440,2
Alto Caparaó,439,9
Lafaiete Coutinho,438,6
Nova Colinas,437,6
Conceição do Tocantins,437,12
Timbaúba dos Batistas,437,2
Lamarão,437,8
Rio Sono,436,3
Cajuri,436,8
Marianópolis do Tocantins,434,13
Conceição do Canindé,434,7
Pedro Régis,434,8
Japoatã,433,23
Sandolândia,432,9
Presidente Vargas,432,7
Divinésia,431,8
Japi,430,9
Santa Maria,427,13
Pau D'Arco,426,8
Paulo Jacinto,426,14
Novo Oriente do Piauí,425,13
Cristália,425,3
Olho d'Água,424,9
Bonito,423,15
Assunção,423,5
Santo André,422,3
São João da Serra,421,16
Itaeté,420,11
Areial,420,12
Japaraíba,420,8
Senador Rui Palmeira,419,12
Santana de Mangueira,419,5
São Francisco do Maranhão,418,23
Comendador Gomes,417,5
Desterro de Entre Rios,417,10
Barra do Rocha,416,7
Ourém,414,15
Ponte Alta do Bom Jesus,414,11
Cocal dos Alves,414,6
Divinolândia de Minas,414,12
Cordisburgo,414,17
Moeda,414,13
Belágua,413,4
Nazaré do Piauí,412,13
Montadas,412,8
Presidente Médici,411,3
Madeiro,411,6
Itaju do Colônia,410,6
São José de Caiana,409,10
Rodolfo Fernandes,408,11
Parecis,407,11
Antônio Almeida,407,10
Sapucaia,406,5
Altamira do Maranhão,406,13
Várzea,406,12
Telha,406,10
Imaculada,406,11
Gonzaga,406,16
Assunção do Piauí,404,8
Juazeiro do Piauí,404,4
Maravilha,402,16
Conceição de Ipanema,402,4
Governador Luiz Rocha,401,1
Jacobina do Piauí,401,4
Cardeal da Silva,401,6
Jeceaba,401,9
Aparecida do Rio Negro,398,13
Santa Rosa do Tocantins,398,7
Bacabeira,398,9
Janduís,398,7
Marliéria,398,17
São João do Paraíso,397,17
Buenos Aires,397,25
Alagoinha do Piauí,396,13
Logradouro,396,10
Goianorte,395,7
Pau D'Arco do Piauí,394,5
Marcos Parente,394,8
Cruzeiro da Fortaleza,394,7
Pracuúba,393,6
Dom Macedo Costa,392,7
São Brás,392,4
Coronel Murta,392,8
Borborema,391,14
Matinha,390,11
Sambaíba,390,4
Caracol,390,17
Pedra Lavrada,390,2
Joanésia,390,18
Santa Teresinha,389,13
Ilha das Flores,389,18
Paripueira,388,24
Ewbank da Câmara,388,14
Aurora do Tocantins,387,7
Caiçara do Rio do Vento,387,8
Currais,386,3
Porto de Pedras,386,15
Correntes,386,12
Patos do Piauí,385,10
Itaipé,385,6
Inhangapi,384,15
Mãe d'Água,383,8
Marizópolis,382,13
Triunfo Potiguar,382,3
Pindorama do Tocantins,379,6
Chã Preta,379,11
Carneiros,379,11
Magalhães Barata,378,16
Caparaó,378,7
General Maynard,377,10
Natuba,377,7
Imbé de Minas,377,9
Canaã,377,2
Dionísio,376,17
Japonvar,375,6
Icatu,374,15
Pedro Avelino,374,7
Bugre,373,13
Guajeru,373,5
Talismã,372,2
Icaraí de Minas,370,3
Luminárias,369,12
Guimarães,368,8
Jatobá do Piauí,368,9
Jussiape,368,9
Palmeiras,367,10
Conceição do Pará,366,10
Caraíbas,365,6
Nova União,365,8
Praia Norte,364,9
Roteiro,364,14
Ouro Velho,364,2
Santa Rosa de Lima,364,8
Lagoa Alegre,363,13
Poço de José de Moura,363,6
Fronteira dos Vales,363,10
São Julião,361,14
Descoberto,361,11
Maripá de Minas,361,12
Presidente Kennedy,360,10
Prata,360,5
Gonçalves,360,8
Aiuruoca,359,10
Jaqueira,359,15
Colônia Leopoldina,358,18
Itacuruba,358,7
Divino das Laranjeiras,358,14
Dom Bosco,358,9
Funilândia,358,10
Rodelas,356,7
Lagoinha do Piauí,355,9
Barão de Monte Alto,355,13
Pedrão,354,3
Ladainha,354,9
Canhoba,352,7
São João da Varjota,350,2
Chorrochó,350,13
Primavera,350,20
José Raydan,350,2
Vila Nova do Piauí,349,1
Satubinha,348,3
Santana do Seridó,348,1
Frei Martinho,348,7
Pinhão,347,20
Feira da Mata,346,6
Sítio Novo,344,10
Irajuba,344,2
Bernardino Batista,344,2
Chiador,344,8
Maraial,343,13
Peixe-Boi,342,4
Jequitaí,342,10
Morpará,341,14
Córrego Novo,341,13
Catingueira,340,11
Santa Rita do Tocantins,339,2
São Domingos,339,2
Macururé,339,9
Venha-Ver,338,5
Jaú do Tocantins,337,13
Coivaras,337,5
São Francisco do Oeste,337,5
São Miguel dos Milagres,337,15
Alcântara,336,20
São João de Pirabas,336,44
Junco do Maranhão,336,2
Tufilândia,335,5
Wall Ferraz,335,3
São Bento do Norte,333,2
Carnaubeira da Penha,333,7
Coronel Xavier Chaves,333,4
Goianá,333,6
Matias Cardoso,333,12
Érico Cardoso,332,5
Viana,331,41
Brotas de Macaúbas,331,8
Malhada dos Bois,331,7
Abreulândia,330,8
Cuité de Mamanguape,330,16
Ibituruna,330,1
Dores de Guanhães,329,9
Brás Pires,328,8
Cachoeira Grande,327,8
Bernardo do Mearim,326,7
Pavussu,326,11
Rio do Pires,326,11
Parnaguá,325,10
Água Nova,325,2
Fernando de Noronha,325,2
Palmeirais,324,23
São Francisco,324,12
Congo,324,14
Itanagra,324,8
Teodoro Sampaio,324,8
Leandro Ferreira,324,8
Turiaçu,323,6
Januário Cicco,323,8
Algodão de Jandaíra,322,1
Bela Vista do Piauí,321,7
Brejo de Areia,320,11
Recursolândia,320,7
Dom Inocêncio,320,6
Ipueira,320,2
Ibiaí,320,12
Sucupira,319,3
Passagem,319,3
Benedito Leite,317,2
Santo Amaro do Maranhão,317,7
Muribeca,316,16
Gameleiras,316,5
Fortaleza de Minas,316,8
Augusto de Lima,316,11
Galinhos,315,1
Franciscópolis,314,3
Carvalhópolis,313,7
Riacho da Cruz,312,8
Bequimão,311,24
Milton Brandão,311,3
Tracunhaém,311,24
Marilac,311,10
Belém de Maria,310,8
Bom Jesus do Amparo,310,8
Curral Novo do Piauí,309,2
Matinhas,309,8
Senador La Rocque,308,25
São Félix do Piauí,308,3
Jurema,306,5
Buenópolis,305,13
Botumirim,304,4
Peri Mirim,303,6
Emas,303,5
Salgadinho,302,6
Joaquim Felício,302,4
Eliseu Martins,301,15
Vila Flor,301,3
Lagoa do Tocantins,300,8
Abaíra,300,12
Vieirópolis,300,5
Murici dos Portelas,299,11
Riacho de Santana,299,1
Lajedinho,299,1
Sossêgo,299,3
Cumbe,299,4
Conceição do Lago-Açu,297,11
Senador Georgino Avelino,297,6
Alvorada de Minas,296,3
Argirita,296,9
Contendas do Sincorá,296,6
Maetinga,294,7
Castanheiras,293,9
Santa Tereza do Tocantins,293,7
Tabocas do Brejo Velho,293,11
Francisco Ayres,291,7
Anísio de Abreu,291,14
Boa Vista do Tupim,291,11
Jesuânia,291,10
Olho D'Água do Piauí,289,3
Riachão do Poço,289,6
Arapuá,289,3
Santa Cruz dos Milagres,288,2
Caraúbas,288,6
Florestal,288,13
Ibirajuba,287,11
Pugmil,286,5
Miguel Leão,286,3
Monteirópolis,286,14
São João do Tigre,285,6
Cordislândia,285,3
Novo Jardim,284,3
Engenheiro Navarro,284,9
São Félix de Balsas,283,2
Itumirim,283,9
Cajari,282,8
Pedra Mole,279,8
Conceição da Barra de Minas,279,6
Jampruca,279,5
Carmolândia,278,6
Lagoa Grande do Maranhão,277,10
São Domingos do Azeitão,277,4
Jardim do Mulato,275,3
Cacimbas,275,8
Angelândia,275,4
Bom Jesus,274,3
Caturama,274,7
Goiabeira,274,8
Santo Inácio do Piauí,273,6
Faria Lemos,273,7
Medeiros,272,1
Ipupiara,271,6
Campanário,271,6
Chácara,270,10
Albertina,268,11
Afonso Cunha,267,2
São João Batista,267,17
Parari,267,2
Liberdade,267,9
Coronel Ezequiel,266,4
Barcelona,266,8
Campestre,266,6
Poço Dantas,266,4
Ibertioga,266,13
Piraquê,265,1
São João da Fronteira,265,7
Sucupira do Norte,265,6
Taboleiro Grande,264,5
Braúnas,264,11
Cantagalo,264,7
Crisólita,264,3
Novo Santo Antônio,263,4
Mirinzal,262,16
São Sebastião do Umbuzeiro,262,5
Capim,262,10
Formoso,262,10
Marajá do Sena,261,7
Santa Luz,258,8
Pilões,258,9
Palmeirina,257,9
Berizal,257,1
Felício dos Santos,257,5
Brasilândia do Tocantins,256,6
Amparo de São Francisco,256,5
Massapê do Piauí,255,2
Passagem Franca do Piauí,255,10
Cortês,255,20
Catuti,254,4
Carvalhos,253,2
Serra Grande,252,6
Vera Mendes,250,2
Minador do Negrão,250,10
Arantina,250,6
Matutina,250,7
São José do Piauí,249,9
Domingos Mourão,249,4
Rio da Conceição,248,2
Campinas do Piauí,247,1
Feira Nova,246,7
Porto Rico do Maranhão,245,7
Belmiro Braga,245,4
Carmésia,245,1
Acaiaca,243,12
São Gonçalo do Rio Preto,243,5
Palmeirândia,242,17
São Bento do Trairí,242,3
Catolândia,242,1
Lagoa de Velhos,241,10
Luislândia,241,2
Matões do Norte,240,6
Almas,239,5
Milagres do Maranhão,239,0
Angico,239,5
São José do Divino,239,12
Novo Lino,239,13
Angelim,239,12
Materlândia,238,2
Primavera de Rondônia,237,7
Presidente Sarney,237,14
Palmeira do Piauí,235,6
Chapada do Norte,235,3
São José de Princesa,234,1
Lagoa,234,3
São Gonçalo do Gurguéia,231,5
Cascalho Rico,231,4
Sítio do Mato,231,10
São Francisco,230,4
Bela Vista do Maranhão,228,19
Areia de Baraúnas,227,7
Luzinópolis,226,2
São Vicente Ferrer,226,9
São Francisco do Piauí,226,10
Tanque do Piauí,226,1
Cachoeira da Prata,226,13
São Salvador do Tocantins,224,4
Gurjão,224,7
Tupirama,223,2
João Dias,222,1
Mansidão,222,8
Mateiros,221,1
Serra de São Bento,221,3
Sucupira do Riachão,220,4
Ibiracatu,220,2
Dirceu Arcoverde,219,8
Acauã,219,2
Guaraciama,219,6
Coronel Pacheco,219,10
Centenário,217,7
Monte das Gameleiras,217,6
Santa Terezinha do Tocantins,216,5
Socorro do Piauí,215,7
Itabi,214,2
Nova Redenção,214,4
Riachão,214,5
Estrela Dalva,214,8
Prata do Piauí,213,5
São José do Brejo do Cruz,213,1
Santana do Maranhão,212,7
Cajazeirinhas,212,1
Jerumenha,211,6
Olho d'Água Grande,211,9
Mato Grosso,211,2
Cedral,210,5
Água Fria,210,13
Campo Azul,210,0
Presidente Juscelino,209,1
Riacho de Santo Antônio,209,6
Dom Viçoso,209,6
Serrano do Maranhão,208,5
Bodó,207,1
Itaueira,206,25
Andrelândia,206,16
Camacho,206,2
Capela Nova,206,5
Taipas do Tocantins,205,0
Porto Alegre do Tocantins,205,2
Minduri,205,9
Várzea Branca,204,12
Juramento,204,4
Bocaina de Minas,202,7
Marmelópolis,202,7
João Costa,201,3
Santana do Piauí,201,7
Água Comprida,200,8
Itacambira,200,3
Tupiratins,199,3
Canavieira,199,7
Caiana,199,7
Vista Serrana,199,6
Lajeado,198,5
São Domingos do Cariri,197,5
Campo Alegre do Fidalgo,196,2
São Miguel da Baixa Grande,195,3
Chapada da Natividade,193,2
Caraúbas do Piauí,193,12
Axixá,192,7
Córrego Danta,192,7
Conceição das Pedras,192,4
Salgadinho,191,2
Paquetá,190,7
Francisco Dumont,190,6
Flores do Piauí,188,5
Amparo,188,4
Glaucilândia,188,7
Fartura do Piauí,187,5
Jacuípe,187,4
Fruta de Leite,187,3
Porto Alegre do Piauí,186,4
São José do Peixe,186,3
Jenipapo de Minas,186,6
Bom Jesus do Tocantins,185,3
Chapada de Areia,185,3
Aroeiras do Itaim,184,2
Crixás do Tocantins,183,0
Betânia do Piauí,182,3
Bento Fernandes,182,3
Monte Santo do Tocantins,181,6
Ipueiras,181,4
Santo Antônio dos Milagres,181,3
Pedra Preta,181,0
Cachoeira Dourada,181,2
Cajapió,180,6
Lavandeira,180,0
Leme do Prado,179,3
Tenório,177,2
Frei Lagonegro,177,5
Biquinhas,177,4
Diogo de Vasconcelos,177,1
Santa Cruz do Arari,175,11
Godofredo Viana,174,5
Nova Iorque,173,7
Ingaí,173,7
Amapá do Maranhão,172,4
Arraial,172,3
Desterro do Melo,172,0
Amparo do Serra,172,8
Feliz Deserto,171,5
Barra do Ouro,169,7
Francisco Badaró,168,6
Itutinga,168,3
Mar Vermelho,167,3
Antônio Prado de Minas,166,5
São Félix do Tocantins,165,3
Morro Cabeça no Tempo,165,4
São Raimundo do Doca Bezerra,164,3
Jardim de Angicos,164,1
Oliveira de Fátima,162,1
Aricanduva,162,0
Couto de Magalhães de Minas,162,7
Lizarda,161,4
Jundiá,161,5
Doresópolis,160,1
Novo Alegre,159,7
Brejo do Piauí,159,4
Brejolândia,159,11
Lamim,159,3
Juarina,158,2
Passagem,158,2
Barra D'Alcântara,155,4
Caxingó,154,1
Berilo,153,1
São Miguel do Fidalgo,152,4
São Luis do Piauí,152,0
Nova Santa Rita,151,4
Ibiquera,151,6
Júlio Borges,149,14
Cacimba de Areia,149,4
Pindoba,147,2
Zabelê,146,1
São José dos Cordeiros,145,6
Bom Princípio do Piauí,143,13
São José do Bonfim,143,7
Várzea,143,1
Fama,143,1
Olho d'Água do Casado,142,6
Paes Landim,141,7
Santa Rosa do Piauí,141,5
Cônego Marinho,139,2
Riacho Frio,138,4
Santa Inês,138,8
Caranaíba,137,4
José Gonçalves de Minas,137,1
Capitão Gervásio Oliveira,134,10
Lagoa dos Patos,134,2
Quixaba,133,2
Joca Claudino,131,3
Catas Altas da Noruega,131,4
Santa Filomena,129,4
Coronel José Dias,129,6
Belém,129,8
Cachoeirinha,128,2
Casa Grande,128,4
Itaverava,127,3
Fortuna de Minas,126,2
Graça Aranha,124,3
Fernandes Tourinho,124,12
Bonito de Minas,123,1
Santo Antônio de Lisboa,122,5
Bias Fortes,119,4
Coxixola,118,4
Bacurituba,117,1
Ruy Barbosa,117,1
Jaramataia,117,3
Cândido Mendes,114,8
Barreiras do Piauí,114,4
Pedro do Rosário,113,8
Itambé do Mato Dentro,110,5
Guaribas,108,2
Araçaí,104,1
Grupiara,104,4
Pajeú do Piauí,103,8
São Braz do Piauí,102,10
Douradoquara,101,3
Floresta do Piauí,99,4
Lagoa do Sítio,97,13
Aracitaba,96,11
Congonhas do Norte,96,4
Consolação,96,4
Jatobá,92,5
São Francisco de Assis do Piauí,88,3
Primeira Cruz,82,2
São João da Ponta,81,10
Cajazeiras do Piauí,81,2
São João do Araguaia,78,9
Pedro Laurentino,76,2
Francinópolis,75,3
Estrela do Indaiá,71,0
Cristalândia do Piauí,70,4
São Lourenço do Piauí,67,3
Monjolos,63,3
Tamboril do Piauí,55,8
Santa Filomena do Maranhão,51,1
Ribeira do Piauí,45,6
Central do Maranhão,44,2
Cedro do Abaeté,38,0
Sebastião Barros,25,3
Boa Vista do Gurupi,15,4
Miravânia,10,2
